{
	"BUILD_DIR" : "E:/Qt project/MEDEO_DATA_v2/build-Medeu_Data_v2-Desktop_Qt_6_3_2_MinGW_64_bit-Release/Medeu_Data_v2_autogen",
	"CMAKE_BINARY_DIR" : "E:/Qt project/MEDEO_DATA_v2/build-Medeu_Data_v2-Desktop_Qt_6_3_2_MinGW_64_bit-Release",
	"CMAKE_CURRENT_BINARY_DIR" : "E:/Qt project/MEDEO_DATA_v2/build-Medeu_Data_v2-Desktop_Qt_6_3_2_MinGW_64_bit-Release",
	"CMAKE_CURRENT_SOURCE_DIR" : "E:/Qt project/MEDEO_DATA_v2/Medeu_Data_v2",
	"CMAKE_SOURCE_DIR" : "E:/Qt project/MEDEO_DATA_v2/Medeu_Data_v2",
	"INCLUDE_DIR" : "E:/Qt project/MEDEO_DATA_v2/build-Medeu_Data_v2-Desktop_Qt_6_3_2_MinGW_64_bit-Release/Medeu_Data_v2_autogen/include",
	"INPUTS" : 
	[
		"E:/Qt project/MEDEO_DATA_v2/Medeu_Data_v2/qdarkstyle/theme/style.qss",
		"E:/Qt project/MEDEO_DATA_v2/Medeu_Data_v2/qdarkstyle/theme/rc/window_close_focus@2x.png",
		"E:/Qt project/MEDEO_DATA_v2/Medeu_Data_v2/qdarkstyle/theme/rc/radio_unchecked_pressed@2x.png",
		"E:/Qt project/MEDEO_DATA_v2/Medeu_Data_v2/qdarkstyle/theme/rc/line_vertical_disabled@2x.png",
		"E:/Qt project/MEDEO_DATA_v2/Medeu_Data_v2/qdarkstyle/theme/rc/branch_end.png",
		"E:/Qt project/MEDEO_DATA_v2/Medeu_Data_v2/qdarkstyle/theme/rc/branch_open_focus.png",
		"E:/Qt project/MEDEO_DATA_v2/Medeu_Data_v2/qdarkstyle/theme/rc/toolbar_separator_vertical@2x.png",
		"E:/Qt project/MEDEO_DATA_v2/Medeu_Data_v2/qdarkstyle/theme/rc/transparent@2x.png",
		"E:/Qt project/MEDEO_DATA_v2/Medeu_Data_v2/qdarkstyle/theme/rc/checkbox_indeterminate_focus@2x.png",
		"E:/Qt project/MEDEO_DATA_v2/Medeu_Data_v2/qdarkstyle/theme/rc/toolbar_move_vertical_disabled@2x.png",
		"E:/Qt project/MEDEO_DATA_v2/Medeu_Data_v2/qdarkstyle/theme/rc/window_minimize.png",
		"E:/Qt project/MEDEO_DATA_v2/Medeu_Data_v2/qdarkstyle/theme/rc/window_grip_focus@2x.png",
		"E:/Qt project/MEDEO_DATA_v2/Medeu_Data_v2/qdarkstyle/theme/rc/checkbox_unchecked@2x.png",
		"E:/Qt project/MEDEO_DATA_v2/Medeu_Data_v2/qdarkstyle/theme/rc/toolbar_move_horizontal@2x.png",
		"E:/Qt project/MEDEO_DATA_v2/Medeu_Data_v2/qdarkstyle/theme/rc/transparent_disabled@2x.png",
		"E:/Qt project/MEDEO_DATA_v2/Medeu_Data_v2/qdarkstyle/theme/rc/base_icon_pressed.png",
		"E:/Qt project/MEDEO_DATA_v2/Medeu_Data_v2/qdarkstyle/theme/rc/window_undock_focus@2x.png",
		"E:/Qt project/MEDEO_DATA_v2/Medeu_Data_v2/qdarkstyle/theme/rc/window_undock@2x.png",
		"E:/Qt project/MEDEO_DATA_v2/Medeu_Data_v2/qdarkstyle/theme/rc/window_grip.png",
		"E:/Qt project/MEDEO_DATA_v2/Medeu_Data_v2/qdarkstyle/theme/rc/radio_checked_disabled@2x.png",
		"E:/Qt project/MEDEO_DATA_v2/Medeu_Data_v2/qdarkstyle/theme/rc/branch_closed_disabled.png",
		"E:/Qt project/MEDEO_DATA_v2/Medeu_Data_v2/qdarkstyle/theme/rc/branch_end_disabled@2x.png",
		"E:/Qt project/MEDEO_DATA_v2/Medeu_Data_v2/qdarkstyle/theme/rc/.keep",
		"E:/Qt project/MEDEO_DATA_v2/Medeu_Data_v2/qdarkstyle/theme/rc/branch_end@2x.png",
		"E:/Qt project/MEDEO_DATA_v2/Medeu_Data_v2/qdarkstyle/theme/rc/window_close@2x.png",
		"E:/Qt project/MEDEO_DATA_v2/Medeu_Data_v2/qdarkstyle/theme/rc/checkbox_indeterminate_pressed@2x.png",
		"E:/Qt project/MEDEO_DATA_v2/Medeu_Data_v2/qdarkstyle/theme/rc/checkbox_unchecked_pressed@2x.png",
		"E:/Qt project/MEDEO_DATA_v2/Medeu_Data_v2/qdarkstyle/theme/rc/toolbar_move_horizontal_pressed@2x.png",
		"E:/Qt project/MEDEO_DATA_v2/Medeu_Data_v2/qdarkstyle/theme/rc/window_close_disabled@2x.png",
		"E:/Qt project/MEDEO_DATA_v2/Medeu_Data_v2/qdarkstyle/theme/rc/toolbar_separator_vertical_disabled.png",
		"E:/Qt project/MEDEO_DATA_v2/Medeu_Data_v2/qdarkstyle/theme/rc/line_horizontal_focus.png",
		"E:/Qt project/MEDEO_DATA_v2/Medeu_Data_v2/qdarkstyle/theme/rc/window_grip_disabled@2x.png",
		"E:/Qt project/MEDEO_DATA_v2/Medeu_Data_v2/qdarkstyle/theme/rc/arrow_up_focus@2x.png",
		"E:/Qt project/MEDEO_DATA_v2/Medeu_Data_v2/qdarkstyle/theme/rc/transparent.png",
		"E:/Qt project/MEDEO_DATA_v2/Medeu_Data_v2/qdarkstyle/theme/rc/line_vertical.png",
		"E:/Qt project/MEDEO_DATA_v2/Medeu_Data_v2/qdarkstyle/theme/rc/toolbar_separator_horizontal_disabled.png",
		"E:/Qt project/MEDEO_DATA_v2/Medeu_Data_v2/qdarkstyle/theme/rc/radio_unchecked.png",
		"E:/Qt project/MEDEO_DATA_v2/Medeu_Data_v2/qdarkstyle/theme/rc/line_horizontal@2x.png",
		"E:/Qt project/MEDEO_DATA_v2/Medeu_Data_v2/qdarkstyle/theme/rc/window_grip@2x.png",
		"E:/Qt project/MEDEO_DATA_v2/Medeu_Data_v2/qdarkstyle/theme/rc/toolbar_move_horizontal.png",
		"E:/Qt project/MEDEO_DATA_v2/Medeu_Data_v2/qdarkstyle/theme/rc/radio_unchecked_focus.png",
		"E:/Qt project/MEDEO_DATA_v2/Medeu_Data_v2/qdarkstyle/theme/rc/arrow_down_focus@2x.png",
		"E:/Qt project/MEDEO_DATA_v2/Medeu_Data_v2/qdarkstyle/theme/rc/toolbar_separator_horizontal.png",
		"E:/Qt project/MEDEO_DATA_v2/Medeu_Data_v2/qdarkstyle/theme/rc/arrow_down_pressed.png",
		"E:/Qt project/MEDEO_DATA_v2/Medeu_Data_v2/qdarkstyle/theme/rc/transparent_pressed@2x.png",
		"E:/Qt project/MEDEO_DATA_v2/Medeu_Data_v2/qdarkstyle/theme/rc/toolbar_separator_vertical_focus@2x.png",
		"E:/Qt project/MEDEO_DATA_v2/Medeu_Data_v2/qdarkstyle/theme/rc/radio_checked_pressed@2x.png",
		"E:/Qt project/MEDEO_DATA_v2/Medeu_Data_v2/qdarkstyle/theme/rc/arrow_down_disabled.png",
		"E:/Qt project/MEDEO_DATA_v2/Medeu_Data_v2/qdarkstyle/theme/rc/checkbox_checked_focus@2x.png",
		"E:/Qt project/MEDEO_DATA_v2/Medeu_Data_v2/qdarkstyle/theme/rc/base_icon_focus.png",
		"E:/Qt project/MEDEO_DATA_v2/Medeu_Data_v2/qdarkstyle/theme/rc/arrow_left_disabled.png",
		"E:/Qt project/MEDEO_DATA_v2/Medeu_Data_v2/qdarkstyle/theme/rc/toolbar_move_horizontal_focus@2x.png",
		"E:/Qt project/MEDEO_DATA_v2/Medeu_Data_v2/qdarkstyle/theme/rc/branch_line_pressed.png",
		"E:/Qt project/MEDEO_DATA_v2/Medeu_Data_v2/qdarkstyle/theme/rc/branch_end_disabled.png",
		"E:/Qt project/MEDEO_DATA_v2/Medeu_Data_v2/qdarkstyle/theme/rc/branch_more_pressed.png",
		"E:/Qt project/MEDEO_DATA_v2/Medeu_Data_v2/qdarkstyle/theme/rc/branch_end_focus@2x.png",
		"E:/Qt project/MEDEO_DATA_v2/Medeu_Data_v2/qdarkstyle/theme/rc/line_horizontal_pressed.png",
		"E:/Qt project/MEDEO_DATA_v2/Medeu_Data_v2/qdarkstyle/theme/rc/window_grip_disabled.png",
		"E:/Qt project/MEDEO_DATA_v2/Medeu_Data_v2/qdarkstyle/theme/rc/radio_unchecked_pressed.png",
		"E:/Qt project/MEDEO_DATA_v2/Medeu_Data_v2/qdarkstyle/theme/rc/radio_checked_disabled.png",
		"E:/Qt project/MEDEO_DATA_v2/Medeu_Data_v2/qdarkstyle/theme/rc/toolbar_move_horizontal_pressed.png",
		"E:/Qt project/MEDEO_DATA_v2/Medeu_Data_v2/qdarkstyle/theme/rc/window_close.png",
		"E:/Qt project/MEDEO_DATA_v2/Medeu_Data_v2/qdarkstyle/theme/rc/branch_line_focus.png",
		"E:/Qt project/MEDEO_DATA_v2/Medeu_Data_v2/qdarkstyle/theme/rc/arrow_up_pressed.png",
		"E:/Qt project/MEDEO_DATA_v2/Medeu_Data_v2/qdarkstyle/theme/rc/arrow_left_pressed.png",
		"E:/Qt project/MEDEO_DATA_v2/Medeu_Data_v2/qdarkstyle/theme/rc/arrow_right_pressed@2x.png",
		"E:/Qt project/MEDEO_DATA_v2/Medeu_Data_v2/qdarkstyle/theme/rc/line_vertical_disabled.png",
		"E:/Qt project/MEDEO_DATA_v2/Medeu_Data_v2/qdarkstyle/theme/rc/toolbar_move_vertical_focus.png",
		"E:/Qt project/MEDEO_DATA_v2/Medeu_Data_v2/qdarkstyle/theme/rc/arrow_right_focus.png",
		"E:/Qt project/MEDEO_DATA_v2/Medeu_Data_v2/qdarkstyle/theme/rc/toolbar_separator_vertical_focus.png",
		"E:/Qt project/MEDEO_DATA_v2/Medeu_Data_v2/qdarkstyle/theme/rc/branch_end_focus.png",
		"E:/Qt project/MEDEO_DATA_v2/Medeu_Data_v2/qdarkstyle/theme/rc/window_grip_focus.png",
		"E:/Qt project/MEDEO_DATA_v2/Medeu_Data_v2/qdarkstyle/theme/rc/branch_closed.png",
		"E:/Qt project/MEDEO_DATA_v2/Medeu_Data_v2/qdarkstyle/theme/rc/branch_line_focus@2x.png",
		"E:/Qt project/MEDEO_DATA_v2/Medeu_Data_v2/qdarkstyle/theme/rc/window_undock_pressed@2x.png",
		"E:/Qt project/MEDEO_DATA_v2/Medeu_Data_v2/qdarkstyle/theme/rc/branch_open@2x.png",
		"E:/Qt project/MEDEO_DATA_v2/Medeu_Data_v2/qdarkstyle/theme/rc/checkbox_unchecked.png",
		"E:/Qt project/MEDEO_DATA_v2/Medeu_Data_v2/qdarkstyle/theme/rc/arrow_up_disabled.png",
		"E:/Qt project/MEDEO_DATA_v2/Medeu_Data_v2/qdarkstyle/theme/rc/toolbar_separator_vertical_pressed.png",
		"E:/Qt project/MEDEO_DATA_v2/Medeu_Data_v2/qdarkstyle/theme/rc/branch_closed_focus.png",
		"E:/Qt project/MEDEO_DATA_v2/Medeu_Data_v2/qdarkstyle/theme/rc/arrow_down_pressed@2x.png",
		"E:/Qt project/MEDEO_DATA_v2/Medeu_Data_v2/qdarkstyle/theme/rc/base_icon_disabled.png",
		"E:/Qt project/MEDEO_DATA_v2/Medeu_Data_v2/qdarkstyle/theme/rc/base_icon@2x.png",
		"E:/Qt project/MEDEO_DATA_v2/Medeu_Data_v2/qdarkstyle/theme/rc/transparent_focus@2x.png",
		"E:/Qt project/MEDEO_DATA_v2/Medeu_Data_v2/qdarkstyle/theme/rc/toolbar_separator_horizontal_disabled@2x.png",
		"E:/Qt project/MEDEO_DATA_v2/Medeu_Data_v2/qdarkstyle/theme/rc/branch_open_disabled@2x.png",
		"E:/Qt project/MEDEO_DATA_v2/Medeu_Data_v2/qdarkstyle/theme/rc/base_icon_pressed@2x.png",
		"E:/Qt project/MEDEO_DATA_v2/Medeu_Data_v2/qdarkstyle/theme/rc/branch_line_disabled.png",
		"E:/Qt project/MEDEO_DATA_v2/Medeu_Data_v2/qdarkstyle/theme/rc/line_vertical_focus.png",
		"E:/Qt project/MEDEO_DATA_v2/Medeu_Data_v2/qdarkstyle/theme/rc/checkbox_checked.png",
		"E:/Qt project/MEDEO_DATA_v2/Medeu_Data_v2/qdarkstyle/theme/rc/window_minimize_focus@2x.png",
		"E:/Qt project/MEDEO_DATA_v2/Medeu_Data_v2/qdarkstyle/theme/rc/branch_more_pressed@2x.png",
		"E:/Qt project/MEDEO_DATA_v2/Medeu_Data_v2/qdarkstyle/theme/rc/branch_more@2x.png",
		"E:/Qt project/MEDEO_DATA_v2/Medeu_Data_v2/qdarkstyle/theme/rc/toolbar_move_vertical_disabled.png",
		"E:/Qt project/MEDEO_DATA_v2/Medeu_Data_v2/qdarkstyle/theme/rc/checkbox_indeterminate_focus.png",
		"E:/Qt project/MEDEO_DATA_v2/Medeu_Data_v2/qdarkstyle/theme/rc/arrow_left_focus.png",
		"E:/Qt project/MEDEO_DATA_v2/Medeu_Data_v2/qdarkstyle/theme/rc/branch_more_disabled.png",
		"E:/Qt project/MEDEO_DATA_v2/Medeu_Data_v2/qdarkstyle/theme/rc/branch_open_pressed@2x.png",
		"E:/Qt project/MEDEO_DATA_v2/Medeu_Data_v2/qdarkstyle/theme/rc/branch_line@2x.png",
		"E:/Qt project/MEDEO_DATA_v2/Medeu_Data_v2/qdarkstyle/theme/rc/checkbox_unchecked_disabled.png",
		"E:/Qt project/MEDEO_DATA_v2/Medeu_Data_v2/qdarkstyle/theme/rc/toolbar_separator_horizontal_focus@2x.png",
		"E:/Qt project/MEDEO_DATA_v2/Medeu_Data_v2/qdarkstyle/theme/rc/transparent_focus.png",
		"E:/Qt project/MEDEO_DATA_v2/Medeu_Data_v2/qdarkstyle/theme/rc/branch_more_focus@2x.png",
		"E:/Qt project/MEDEO_DATA_v2/Medeu_Data_v2/qdarkstyle/theme/rc/arrow_down.png",
		"E:/Qt project/MEDEO_DATA_v2/Medeu_Data_v2/qdarkstyle/theme/rc/line_vertical_pressed.png",
		"E:/Qt project/MEDEO_DATA_v2/Medeu_Data_v2/qdarkstyle/theme/rc/window_minimize_pressed@2x.png",
		"E:/Qt project/MEDEO_DATA_v2/Medeu_Data_v2/qdarkstyle/theme/rc/window_undock.png",
		"E:/Qt project/MEDEO_DATA_v2/Medeu_Data_v2/qdarkstyle/theme/rc/toolbar_separator_horizontal_focus.png",
		"E:/Qt project/MEDEO_DATA_v2/Medeu_Data_v2/qdarkstyle/theme/rc/branch_more.png",
		"E:/Qt project/MEDEO_DATA_v2/Medeu_Data_v2/qdarkstyle/theme/rc/radio_unchecked_disabled.png",
		"E:/Qt project/MEDEO_DATA_v2/Medeu_Data_v2/qdarkstyle/theme/rc/toolbar_move_vertical@2x.png",
		"E:/Qt project/MEDEO_DATA_v2/Medeu_Data_v2/qdarkstyle/theme/rc/branch_end_pressed.png",
		"E:/Qt project/MEDEO_DATA_v2/Medeu_Data_v2/qdarkstyle/theme/rc/branch_line.png",
		"E:/Qt project/MEDEO_DATA_v2/Medeu_Data_v2/qdarkstyle/theme/rc/branch_open_disabled.png",
		"E:/Qt project/MEDEO_DATA_v2/Medeu_Data_v2/qdarkstyle/theme/rc/line_horizontal_disabled@2x.png",
		"E:/Qt project/MEDEO_DATA_v2/Medeu_Data_v2/qdarkstyle/theme/rc/branch_open_pressed.png",
		"E:/Qt project/MEDEO_DATA_v2/Medeu_Data_v2/qdarkstyle/theme/rc/toolbar_move_vertical_focus@2x.png",
		"E:/Qt project/MEDEO_DATA_v2/Medeu_Data_v2/qdarkstyle/theme/rc/line_horizontal.png",
		"E:/Qt project/MEDEO_DATA_v2/Medeu_Data_v2/qdarkstyle/theme/rc/checkbox_checked_disabled@2x.png",
		"E:/Qt project/MEDEO_DATA_v2/Medeu_Data_v2/qdarkstyle/theme/rc/checkbox_unchecked_focus@2x.png",
		"E:/Qt project/MEDEO_DATA_v2/Medeu_Data_v2/qdarkstyle/theme/rc/line_vertical_focus@2x.png",
		"E:/Qt project/MEDEO_DATA_v2/Medeu_Data_v2/qdarkstyle/theme/rc/base_icon_focus@2x.png",
		"E:/Qt project/MEDEO_DATA_v2/Medeu_Data_v2/qdarkstyle/theme/rc/checkbox_checked@2x.png",
		"E:/Qt project/MEDEO_DATA_v2/Medeu_Data_v2/qdarkstyle/theme/rc/toolbar_move_horizontal_disabled.png",
		"E:/Qt project/MEDEO_DATA_v2/Medeu_Data_v2/qdarkstyle/theme/rc/radio_checked_focus.png",
		"E:/Qt project/MEDEO_DATA_v2/Medeu_Data_v2/qdarkstyle/theme/rc/window_minimize_disabled@2x.png",
		"E:/Qt project/MEDEO_DATA_v2/Medeu_Data_v2/qdarkstyle/theme/rc/branch_closed_pressed.png",
		"E:/Qt project/MEDEO_DATA_v2/Medeu_Data_v2/qdarkstyle/theme/rc/radio_unchecked@2x.png",
		"E:/Qt project/MEDEO_DATA_v2/Medeu_Data_v2/qdarkstyle/theme/rc/line_vertical@2x.png",
		"E:/Qt project/MEDEO_DATA_v2/Medeu_Data_v2/qdarkstyle/theme/rc/arrow_right@2x.png",
		"E:/Qt project/MEDEO_DATA_v2/Medeu_Data_v2/qdarkstyle/theme/rc/window_minimize_disabled.png",
		"E:/Qt project/MEDEO_DATA_v2/Medeu_Data_v2/qdarkstyle/theme/rc/branch_end_pressed@2x.png",
		"E:/Qt project/MEDEO_DATA_v2/Medeu_Data_v2/qdarkstyle/theme/rc/radio_checked_pressed.png",
		"E:/Qt project/MEDEO_DATA_v2/Medeu_Data_v2/qdarkstyle/theme/rc/radio_unchecked_focus@2x.png",
		"E:/Qt project/MEDEO_DATA_v2/Medeu_Data_v2/qdarkstyle/theme/rc/checkbox_checked_pressed.png",
		"E:/Qt project/MEDEO_DATA_v2/Medeu_Data_v2/qdarkstyle/theme/rc/checkbox_checked_focus.png",
		"E:/Qt project/MEDEO_DATA_v2/Medeu_Data_v2/qdarkstyle/theme/rc/radio_checked_focus@2x.png",
		"E:/Qt project/MEDEO_DATA_v2/Medeu_Data_v2/qdarkstyle/theme/rc/arrow_left_pressed@2x.png",
		"E:/Qt project/MEDEO_DATA_v2/Medeu_Data_v2/qdarkstyle/theme/rc/branch_closed_focus@2x.png",
		"E:/Qt project/MEDEO_DATA_v2/Medeu_Data_v2/qdarkstyle/theme/rc/toolbar_separator_vertical.png",
		"E:/Qt project/MEDEO_DATA_v2/Medeu_Data_v2/qdarkstyle/theme/rc/toolbar_separator_vertical_disabled@2x.png",
		"E:/Qt project/MEDEO_DATA_v2/Medeu_Data_v2/qdarkstyle/theme/rc/toolbar_move_vertical_pressed@2x.png",
		"E:/Qt project/MEDEO_DATA_v2/Medeu_Data_v2/qdarkstyle/theme/rc/checkbox_checked_disabled.png",
		"E:/Qt project/MEDEO_DATA_v2/Medeu_Data_v2/qdarkstyle/theme/rc/arrow_left_disabled@2x.png",
		"E:/Qt project/MEDEO_DATA_v2/Medeu_Data_v2/qdarkstyle/theme/rc/toolbar_move_horizontal_focus.png",
		"E:/Qt project/MEDEO_DATA_v2/Medeu_Data_v2/qdarkstyle/theme/rc/toolbar_separator_horizontal_pressed.png",
		"E:/Qt project/MEDEO_DATA_v2/Medeu_Data_v2/qdarkstyle/theme/rc/checkbox_indeterminate.png",
		"E:/Qt project/MEDEO_DATA_v2/Medeu_Data_v2/qdarkstyle/theme/rc/checkbox_indeterminate_disabled.png",
		"E:/Qt project/MEDEO_DATA_v2/Medeu_Data_v2/qdarkstyle/theme/rc/transparent_disabled.png",
		"E:/Qt project/MEDEO_DATA_v2/Medeu_Data_v2/qdarkstyle/theme/rc/arrow_left.png",
		"E:/Qt project/MEDEO_DATA_v2/Medeu_Data_v2/qdarkstyle/theme/rc/arrow_right_disabled@2x.png",
		"E:/Qt project/MEDEO_DATA_v2/Medeu_Data_v2/qdarkstyle/theme/rc/window_undock_disabled.png",
		"E:/Qt project/MEDEO_DATA_v2/Medeu_Data_v2/qdarkstyle/theme/rc/arrow_right_disabled.png",
		"E:/Qt project/MEDEO_DATA_v2/Medeu_Data_v2/qdarkstyle/theme/rc/window_close_disabled.png",
		"E:/Qt project/MEDEO_DATA_v2/Medeu_Data_v2/qdarkstyle/theme/rc/branch_open_focus@2x.png",
		"E:/Qt project/MEDEO_DATA_v2/Medeu_Data_v2/qdarkstyle/theme/rc/window_minimize_focus.png",
		"E:/Qt project/MEDEO_DATA_v2/Medeu_Data_v2/qdarkstyle/theme/rc/arrow_down_focus.png",
		"E:/Qt project/MEDEO_DATA_v2/Medeu_Data_v2/qdarkstyle/theme/rc/arrow_left@2x.png",
		"E:/Qt project/MEDEO_DATA_v2/Medeu_Data_v2/qdarkstyle/theme/rc/checkbox_unchecked_focus.png",
		"E:/Qt project/MEDEO_DATA_v2/Medeu_Data_v2/qdarkstyle/theme/rc/checkbox_unchecked_pressed.png",
		"E:/Qt project/MEDEO_DATA_v2/Medeu_Data_v2/qdarkstyle/theme/rc/window_minimize_pressed.png",
		"E:/Qt project/MEDEO_DATA_v2/Medeu_Data_v2/qdarkstyle/theme/rc/window_undock_focus.png",
		"E:/Qt project/MEDEO_DATA_v2/Medeu_Data_v2/qdarkstyle/theme/rc/checkbox_unchecked_disabled@2x.png",
		"E:/Qt project/MEDEO_DATA_v2/Medeu_Data_v2/qdarkstyle/theme/rc/toolbar_separator_vertical_pressed@2x.png",
		"E:/Qt project/MEDEO_DATA_v2/Medeu_Data_v2/qdarkstyle/theme/rc/checkbox_indeterminate_disabled@2x.png",
		"E:/Qt project/MEDEO_DATA_v2/Medeu_Data_v2/qdarkstyle/theme/rc/window_minimize@2x.png",
		"E:/Qt project/MEDEO_DATA_v2/Medeu_Data_v2/qdarkstyle/theme/rc/transparent_pressed.png",
		"E:/Qt project/MEDEO_DATA_v2/Medeu_Data_v2/qdarkstyle/theme/rc/radio_checked@2x.png",
		"E:/Qt project/MEDEO_DATA_v2/Medeu_Data_v2/qdarkstyle/theme/rc/branch_closed@2x.png",
		"E:/Qt project/MEDEO_DATA_v2/Medeu_Data_v2/qdarkstyle/theme/rc/arrow_left_focus@2x.png",
		"E:/Qt project/MEDEO_DATA_v2/Medeu_Data_v2/qdarkstyle/theme/rc/checkbox_indeterminate@2x.png",
		"E:/Qt project/MEDEO_DATA_v2/Medeu_Data_v2/qdarkstyle/theme/rc/arrow_right_pressed.png",
		"E:/Qt project/MEDEO_DATA_v2/Medeu_Data_v2/qdarkstyle/theme/rc/window_undock_pressed.png",
		"E:/Qt project/MEDEO_DATA_v2/Medeu_Data_v2/qdarkstyle/theme/rc/line_vertical_pressed@2x.png",
		"E:/Qt project/MEDEO_DATA_v2/Medeu_Data_v2/qdarkstyle/theme/rc/toolbar_separator_horizontal@2x.png",
		"E:/Qt project/MEDEO_DATA_v2/Medeu_Data_v2/qdarkstyle/theme/rc/toolbar_separator_horizontal_pressed@2x.png",
		"E:/Qt project/MEDEO_DATA_v2/Medeu_Data_v2/qdarkstyle/theme/rc/arrow_down@2x.png",
		"E:/Qt project/MEDEO_DATA_v2/Medeu_Data_v2/qdarkstyle/theme/rc/line_horizontal_pressed@2x.png",
		"E:/Qt project/MEDEO_DATA_v2/Medeu_Data_v2/qdarkstyle/theme/rc/arrow_up_focus.png",
		"E:/Qt project/MEDEO_DATA_v2/Medeu_Data_v2/qdarkstyle/theme/rc/branch_open.png",
		"E:/Qt project/MEDEO_DATA_v2/Medeu_Data_v2/qdarkstyle/theme/rc/branch_line_disabled@2x.png",
		"E:/Qt project/MEDEO_DATA_v2/Medeu_Data_v2/qdarkstyle/theme/rc/branch_line_pressed@2x.png",
		"E:/Qt project/MEDEO_DATA_v2/Medeu_Data_v2/qdarkstyle/theme/rc/line_horizontal_focus@2x.png",
		"E:/Qt project/MEDEO_DATA_v2/Medeu_Data_v2/qdarkstyle/theme/rc/branch_more_focus.png",
		"E:/Qt project/MEDEO_DATA_v2/Medeu_Data_v2/qdarkstyle/theme/rc/arrow_right.png",
		"E:/Qt project/MEDEO_DATA_v2/Medeu_Data_v2/qdarkstyle/theme/rc/arrow_right_focus@2x.png",
		"E:/Qt project/MEDEO_DATA_v2/Medeu_Data_v2/qdarkstyle/theme/rc/arrow_up_pressed@2x.png",
		"E:/Qt project/MEDEO_DATA_v2/Medeu_Data_v2/qdarkstyle/theme/rc/window_undock_disabled@2x.png",
		"E:/Qt project/MEDEO_DATA_v2/Medeu_Data_v2/qdarkstyle/theme/rc/line_horizontal_disabled.png",
		"E:/Qt project/MEDEO_DATA_v2/Medeu_Data_v2/qdarkstyle/theme/rc/branch_more_disabled@2x.png",
		"E:/Qt project/MEDEO_DATA_v2/Medeu_Data_v2/qdarkstyle/theme/rc/branch_closed_pressed@2x.png",
		"E:/Qt project/MEDEO_DATA_v2/Medeu_Data_v2/qdarkstyle/theme/rc/base_icon.png",
		"E:/Qt project/MEDEO_DATA_v2/Medeu_Data_v2/qdarkstyle/theme/rc/branch_closed_disabled@2x.png",
		"E:/Qt project/MEDEO_DATA_v2/Medeu_Data_v2/qdarkstyle/theme/rc/window_grip_pressed@2x.png",
		"E:/Qt project/MEDEO_DATA_v2/Medeu_Data_v2/qdarkstyle/theme/rc/toolbar_move_vertical.png",
		"E:/Qt project/MEDEO_DATA_v2/Medeu_Data_v2/qdarkstyle/theme/rc/window_grip_pressed.png",
		"E:/Qt project/MEDEO_DATA_v2/Medeu_Data_v2/qdarkstyle/theme/rc/base_icon_disabled@2x.png",
		"E:/Qt project/MEDEO_DATA_v2/Medeu_Data_v2/qdarkstyle/theme/rc/window_close_focus.png",
		"E:/Qt project/MEDEO_DATA_v2/Medeu_Data_v2/qdarkstyle/theme/rc/toolbar_move_vertical_pressed.png",
		"E:/Qt project/MEDEO_DATA_v2/Medeu_Data_v2/qdarkstyle/theme/rc/arrow_up.png",
		"E:/Qt project/MEDEO_DATA_v2/Medeu_Data_v2/qdarkstyle/theme/rc/arrow_up_disabled@2x.png",
		"E:/Qt project/MEDEO_DATA_v2/Medeu_Data_v2/qdarkstyle/theme/rc/window_close_pressed.png",
		"E:/Qt project/MEDEO_DATA_v2/Medeu_Data_v2/qdarkstyle/theme/rc/checkbox_indeterminate_pressed.png",
		"E:/Qt project/MEDEO_DATA_v2/Medeu_Data_v2/qdarkstyle/theme/rc/radio_unchecked_disabled@2x.png",
		"E:/Qt project/MEDEO_DATA_v2/Medeu_Data_v2/qdarkstyle/theme/rc/checkbox_checked_pressed@2x.png",
		"E:/Qt project/MEDEO_DATA_v2/Medeu_Data_v2/qdarkstyle/theme/rc/arrow_down_disabled@2x.png",
		"E:/Qt project/MEDEO_DATA_v2/Medeu_Data_v2/qdarkstyle/theme/rc/arrow_up@2x.png",
		"E:/Qt project/MEDEO_DATA_v2/Medeu_Data_v2/qdarkstyle/theme/rc/radio_checked.png",
		"E:/Qt project/MEDEO_DATA_v2/Medeu_Data_v2/qdarkstyle/theme/rc/window_close_pressed@2x.png",
		"E:/Qt project/MEDEO_DATA_v2/Medeu_Data_v2/qdarkstyle/theme/rc/toolbar_move_horizontal_disabled@2x.png"
	],
	"LOCK_FILE" : "E:/Qt project/MEDEO_DATA_v2/build-Medeu_Data_v2-Desktop_Qt_6_3_2_MinGW_64_bit-Release/CMakeFiles/Medeu_Data_v2_autogen.dir/AutoRcc_style_HKC63WCNNM_Lock.lock",
	"MULTI_CONFIG" : false,
	"OPTIONS" : [ "-name", "style" ],
	"OUTPUT_CHECKSUM" : "HKC63WCNNM",
	"OUTPUT_NAME" : "qrc_style.cpp",
	"RCC_EXECUTABLE" : "C:/Qt/6.3.2/mingw_64/./bin/rcc.exe",
	"RCC_LIST_OPTIONS" : [ "--list" ],
	"SETTINGS_FILE" : "E:/Qt project/MEDEO_DATA_v2/build-Medeu_Data_v2-Desktop_Qt_6_3_2_MinGW_64_bit-Release/CMakeFiles/Medeu_Data_v2_autogen.dir/AutoRcc_style_HKC63WCNNM_Used.txt",
	"SOURCE" : "E:/Qt project/MEDEO_DATA_v2/Medeu_Data_v2/qdarkstyle/theme/style.qrc",
	"VERBOSITY" : 0
}
