{
	"BUILD_DIR" : "E:/Qt project/MEDEO_DATA_v2/build-Medeu_Data_v2-Desktop_Qt_6_3_2_MinGW_64_bit-Release/Medeu_Data_v2_autogen",
	"CMAKE_BINARY_DIR" : "E:/Qt project/MEDEO_DATA_v2/build-Medeu_Data_v2-Desktop_Qt_6_3_2_MinGW_64_bit-Release",
	"CMAKE_CURRENT_BINARY_DIR" : "E:/Qt project/MEDEO_DATA_v2/build-Medeu_Data_v2-Desktop_Qt_6_3_2_MinGW_64_bit-Release",
	"CMAKE_CURRENT_SOURCE_DIR" : "E:/Qt project/MEDEO_DATA_v2/Medeu_Data_v2",
	"CMAKE_SOURCE_DIR" : "E:/Qt project/MEDEO_DATA_v2/Medeu_Data_v2",
	"INCLUDE_DIR" : "E:/Qt project/MEDEO_DATA_v2/build-Medeu_Data_v2-Desktop_Qt_6_3_2_MinGW_64_bit-Release/Medeu_Data_v2_autogen/include",
	"INPUTS" : 
	[
		"E:/Qt project/MEDEO_DATA_v2/Medeu_Data_v2/resource/UbuntuMono-R.ttf",
		"E:/Qt project/MEDEO_DATA_v2/Medeu_Data_v2/resource/radio_red.png",
		"E:/Qt project/MEDEO_DATA_v2/Medeu_Data_v2/resource/radio_green.png",
		"E:/Qt project/MEDEO_DATA_v2/Medeu_Data_v2/resource/message.png"
	],
	"LOCK_FILE" : "E:/Qt project/MEDEO_DATA_v2/build-Medeu_Data_v2-Desktop_Qt_6_3_2_MinGW_64_bit-Release/CMakeFiles/Medeu_Data_v2_autogen.dir/AutoRcc_resource_6WJNPILU4A_Lock.lock",
	"MULTI_CONFIG" : false,
	"OPTIONS" : [ "-name", "resource" ],
	"OUTPUT_CHECKSUM" : "6WJNPILU4A",
	"OUTPUT_NAME" : "qrc_resource.cpp",
	"RCC_EXECUTABLE" : "C:/Qt/6.3.2/mingw_64/./bin/rcc.exe",
	"RCC_LIST_OPTIONS" : [ "--list" ],
	"SETTINGS_FILE" : "E:/Qt project/MEDEO_DATA_v2/build-Medeu_Data_v2-Desktop_Qt_6_3_2_MinGW_64_bit-Release/CMakeFiles/Medeu_Data_v2_autogen.dir/AutoRcc_resource_6WJNPILU4A_Used.txt",
	"SOURCE" : "E:/Qt project/MEDEO_DATA_v2/Medeu_Data_v2/resource/resource.qrc",
	"VERBOSITY" : 0
}
